Dummy name,Full Name,Email,Linode,IP
user00,,,user00,192.53.172.77
user01,,,user01,192.53.172.215
user02,,,user02,139.144.121.139
user03,,,user03,139.162.41.103
user04,,,user04,139.162.52.14
user05,,,user05,172.104.54.237
user06,,,user06,45.118.135.69
user07,,,user07,172.105.124.107
user08,,,user08,139.162.24.226
user09,,,user09,172.105.114.215
user10,,,user10,192.53.175.132
user11,,,user11,172.104.33.77
user12,,,user12,172.104.46.46
user13,,,user13,139.162.5.74
user14,,,user14,172.104.34.73
user15,,,user15,172.104.175.113
user16,,,user16,172.104.35.145
user17,,,user17,172.104.165.136
user18,,,user18,172.105.117.166
user19,,,user19,170.187.229.86
user20,,,user20,170.187.227.83
user21,,,user21,139.162.29.14
user22,,,user22,139.162.29.22
user23,,,user23,192.53.116.174
user24,,,user24,192.53.116.214
user25,,,user25,139.177.188.102
spare01,,,user26,139.177.188.135
spare02,,,user27,139.162.59.181
spare03,,,user28,139.162.59.210
spare04,,,user29,139.162.49.44
